backend,cacheState,pushes,maintenanceMode,scoreMillis,scoreErrorMillis,activePacks,maintenanceElapsedMillis,maintenancePackReduction,maintenanceStoredByteDelta,storedExtensionBytes,smallPacks,smallPackRatioBasisPoints,packIndexBytes,packPayloadBytes
postgresql,cold,1,compact-only,3.33722209524,0.106976849019,2,42,-1,1076,19567,2,1,2256,17172
postgresql,cold,1,none,3.49613089548,0.12848492903,1,0,0,0,18491,1,1,1184,17140
postgresql,cold,1,read-optimized,3.41361890687,0.130841044493,2,78,-1,2464,20955,2,1,2256,17172
postgresql,cold,10,compact-only,3.5774999681,0.104930185289,2,80,8,-8860,98409,2,1,3012,95258
postgresql,cold,10,none,10.4272023704,0.542920236346,10,0,0,0,107269,10,1,11588,95514
postgresql,cold,10,read-optimized,3.6026843136,0.13479608949,2,107,8,-6608,100661,2,1,3012,95258
postgresql,cold,32,compact-only,3.70132598675,0.132783178071,2,124,30,-33148,316628,2,1,4944,311545
postgresql,cold,32,none,26.2923652414,1.39420357932,32,0,0,0,349776,32,1,37104,312505
postgresql,cold,32,read-optimized,3.60662019293,0.125688206604,2,164,30,-28536,321240,2,1,4944,311545
postgresql,cold,100,compact-only,4.53807779757,0.117869805833,2,283,98,-108220,963321,2,1,10824,952358
postgresql,cold,100,none,76.0936381935,4.18253551317,100,0,0,0,1071541,100,1,115880,955494
postgresql,cold,100,read-optimized,4.65938695436,0.137971167351,2,333,98,-94424,977117,2,1,10824,952358
postgresql,cold,300,compact-only,4.07589236364,0.137656515865,2,591,298,-329021,2885426,1,0,28184,2857103
postgresql,cold,300,none,248.965306182,26.4906716671,300,0,0,0,3214447,300,1,347640,2866639
postgresql,cold,300,read-optimized,4.46231920477,0.13873644673,2,665,298,-300863,2913584,1,0,28184,2857103
postgresql,cold,1000,compact-only,3.80137312054,0.101595137125,2,1623,998,-1101821,9612777,1,0,88944,9523694
postgresql,cold,1000,none,605.727402667,184.395539469,1000,0,0,0,10714598,1000,1,1158800,9555630
postgresql,cold,1000,read-optimized,3.85302471601,0.147931284491,2,1798,998,-1029897,9684701,1,0,88944,9523694
postgresql,warm,1,compact-only,1.55058068508,0.0358513985781,2,43,-1,1076,19567,2,1,2256,17172
postgresql,warm,1,none,1.62769184325,0.0407621451338,1,0,0,0,18491,1,1,1184,17140
postgresql,warm,1,read-optimized,1.56764088392,0.0377715231827,2,67,-1,2464,20955,2,1,2256,17172
postgresql,warm,10,compact-only,2.52934457658,0.0678091401387,2,76,8,-8860,98409,2,1,3012,95258
postgresql,warm,10,none,1.63711887883,0.0333343418677,10,0,0,0,107269,10,1,11588,95514
postgresql,warm,10,read-optimized,2.48480233887,0.0746550683999,2,98,8,-6608,100661,2,1,3012,95258
postgresql,warm,32,compact-only,2.60484953882,0.0853484217109,2,119,30,-33148,316628,2,1,4944,311545
postgresql,warm,32,none,1.85820736424,0.058673082678,32,0,0,0,349776,32,1,37104,312505
postgresql,warm,32,read-optimized,2.52824446847,0.0782745328339,2,153,30,-28536,321240,2,1,4944,311545
postgresql,warm,100,compact-only,3.51556026291,0.0721268396749,2,312,98,-108220,963321,2,1,10824,952358
postgresql,warm,100,none,2.39210330064,0.0699716037373,100,0,0,0,1071541,100,1,115880,955494
postgresql,warm,100,read-optimized,3.3550336,0.0747738419802,2,317,98,-94424,977117,2,1,10824,952358
postgresql,warm,300,compact-only,2.86594089796,0.0641308024596,2,627,298,-329021,2885426,1,0,28184,2857103
postgresql,warm,300,none,3.75924588982,0.0909014304552,300,0,0,0,3214447,300,1,347640,2866639
postgresql,warm,300,read-optimized,2.76599907503,0.0691696175385,2,693,298,-300863,2913584,1,0,28184,2857103
postgresql,warm,1000,compact-only,2.49156909978,0.0656882360773,2,1800,998,-1101821,9612777,1,0,88944,9523694
postgresql,warm,1000,none,8.37490391078,0.316522497073,1000,0,0,0,10714598,1000,1,1158800,9555630
postgresql,warm,1000,read-optimized,2.39842001281,0.0606766650735,2,1965,998,-1029897,9684701,1,0,88944,9523694
postgresql-hikari,cold,1,compact-only,2.25117849497,0.0815407290195,2,39,-1,1076,19567,2,1,2256,17172
postgresql-hikari,cold,1,none,2.28001898471,0.0748927421405,1,0,0,0,18491,1,1,1184,17140
postgresql-hikari,cold,1,read-optimized,2.21450462389,0.0742652736018,2,55,-1,2464,20955,2,1,2256,17172
postgresql-hikari,cold,10,compact-only,2.44296505447,0.0746325958146,2,58,8,-8860,98409,2,1,3012,95258
postgresql-hikari,cold,10,none,6.83882601824,0.351703631596,10,0,0,0,107269,10,1,11588,95514
postgresql-hikari,cold,10,read-optimized,2.42506029437,0.0785362892507,2,80,8,-6608,100661,2,1,3012,95258
postgresql-hikari,cold,32,compact-only,2.65245361137,0.0962310171626,2,89,30,-33148,316628,2,1,4944,311545
postgresql-hikari,cold,32,none,18.4641073548,0.879117741011,32,0,0,0,349776,32,1,37104,312505
postgresql-hikari,cold,32,read-optimized,2.53734443488,0.0916951947852,2,115,30,-28536,321240,2,1,4944,311545
postgresql-hikari,cold,100,compact-only,3.37631306024,0.094934150349,2,240,98,-108220,963321,2,1,10824,952358
postgresql-hikari,cold,100,none,53.3630690233,2.97131017166,100,0,0,0,1071541,100,1,115880,955494
postgresql-hikari,cold,100,read-optimized,3.32682710979,0.106253253081,2,264,98,-94424,977117,2,1,10824,952358
postgresql-hikari,cold,300,compact-only,2.82185032453,0.0795021853011,2,510,298,-329021,2885426,1,0,28184,2857103
postgresql-hikari,cold,300,none,173.932544,14.3328721713,300,0,0,0,3214447,300,1,347640,2866639
postgresql-hikari,cold,300,read-optimized,2.86096718367,0.0882042270752,2,655,298,-300863,2913584,1,0,28184,2857103
postgresql-hikari,cold,1000,compact-only,2.581303447,0.0825556256959,2,1546,998,-1101821,9612777,1,0,88944,9523694
postgresql-hikari,cold,1000,none,407.970962286,133.395963028,1000,0,0,0,10714598,1000,1,1158800,9555630
postgresql-hikari,cold,1000,read-optimized,2.61356068998,0.103858625792,2,1524,998,-1029897,9684701,1,0,88944,9523694
postgresql-hikari,warm,1,compact-only,1.67546589395,0.0402316932161,2,44,-1,1076,19567,2,1,2256,17172
postgresql-hikari,warm,1,none,1.71103135927,0.0326019731654,1,0,0,0,18491,1,1,1184,17140
postgresql-hikari,warm,1,read-optimized,1.67841111377,0.0419497311734,2,71,-1,2464,20955,2,1,2256,17172
postgresql-hikari,warm,10,compact-only,2.75311509202,0.0549741297892,2,73,8,-8860,98409,2,1,3012,95258
postgresql-hikari,warm,10,none,1.71532819542,0.0285193084464,10,0,0,0,107269,10,1,11588,95514
postgresql-hikari,warm,10,read-optimized,2.64105984,0.0767387613342,2,94,8,-6608,100661,2,1,3012,95258
postgresql-hikari,warm,32,compact-only,2.74828564994,0.0811213421434,2,116,30,-33148,316628,2,1,4944,311545
postgresql-hikari,warm,32,none,1.95604515679,0.0515891095016,32,0,0,0,349776,32,1,37104,312505
postgresql-hikari,warm,32,read-optimized,2.66779728266,0.0765898588541,2,156,30,-28536,321240,2,1,4944,311545
postgresql-hikari,warm,100,compact-only,3.54204663937,0.0751198763802,2,284,98,-108220,963321,2,1,10824,952358
postgresql-hikari,warm,100,none,2.57968434023,0.0742366469344,100,0,0,0,1071541,100,1,115880,955494
postgresql-hikari,warm,100,read-optimized,3.47688991654,0.0922897883038,2,312,98,-94424,977117,2,1,10824,952358
postgresql-hikari,warm,300,compact-only,2.93971793987,0.0784123854744,2,592,298,-329021,2885426,1,0,28184,2857103
postgresql-hikari,warm,300,none,4.44369049802,0.101559243675,300,0,0,0,3214447,300,1,347640,2866639
postgresql-hikari,warm,300,read-optimized,2.91934829572,0.0765140017688,2,673,298,-300863,2913584,1,0,28184,2857103
postgresql-hikari,warm,1000,compact-only,2.54011472994,0.0403684864294,2,1586,998,-1101821,9612777,1,0,88944,9523694
postgresql-hikari,warm,1000,none,11.0070908878,0.360463901538,1000,0,0,0,10714598,1000,1,1158800,9555630
postgresql-hikari,warm,1000,read-optimized,2.46242278204,0.0576145982842,2,1777,998,-1029897,9684701,1,0,88944,9523694
